Date,ID,Tweet,Username,Location,Favorites,Retweets,Followers
2022-01-01 19:00:35+00:00,1477354081790402564,"$ATOM $100
$DOT $100
$LINK $100
$CRV $50 
$VET $1

Pretty reasonable targets for 2022.",CryptoMichNL,"Amsterdam, The Netherlands",4747,455,621908
2022-01-01 14:51:12+00:00,1477291321769574400,"$ADA, $ATOM, $DOT. 

A few coins that should do great in 2022.",CryptoMichNL,"Amsterdam, The Netherlands",3772,295,621908
2022-01-01 01:54:11+00:00,1477095777063350280,"Which #crypto are you buying first in 2022?

$BTC
$ETH 
$BNB 
$VET
$KASTA
$XRP
$AVAX
$ADA
$MATIC
$SOL 
$DOGE
$TEL
$XLM
$EGLD 
$HERO
$SAND
$MANA
$EOS
$DOT
$CRO
$RISE 
$SHIB 
$FLOKI
$KISHU 
#BabyDoge
#Dogelon
#Saitama 
#SHINJA

üëáüèªüëáüèªüëáüèª",TheMoonCarl,The Moon,1046,224,1163760
2022-01-02 12:41:41+00:00,1477621116826832896,"$RMRK is actually the thing I'm most excited about for the $DOT $KSM eco in 2022. 

It's going to give birth to innovative composable NFT implementations resulting in a hype-wave that infects other L1s and ecosystems.

NFTs equipping other NFTs and global item economies.",DonnieBigBags,,676,101,144027
2022-01-03 15:24:19+00:00,1478024432228708352,People still don't understand what $DOT will bring. Some think it'll only have 100 projects. They don't understand each parachain could have a hundred great projects = 10k projects running together on one blockchain giving them shared security and interoperability - Polkadot.,Kusamaximalist,,831,133,7717
2022-01-03 10:00:35+00:00,1477942963456073730,"I am dollar costing into $RNDR , $ADA , $EGLD , $DOT &amp; $SUPER at the moment 
They all looking cheap",Sheldon_Sniper,,2505,185,418014
2022-01-04 13:54:02+00:00,1478364097057996800,"Well if you haven't followed @MoonsamaNFT yet now's the time. In 2022 we will build the Kusamaverse. 

Drafting up our 2022 roadmap currently, which will be posted on @SubsocialChain 

Soon after I will be reaching out to the $DOT $KSM ecosystem projects who want to get involved.",DonnieBigBags,,428,61,144027
2022-01-04 07:42:00+00:00,1478270472513011712,"While #cardano was #1 for most developed #crypto on Github, $dot and #ethereum were close on its heels! https://t.co/QTI8jmhc9f",TheCryptoLark,New Zealand,712,118,1039326
2022-01-05 17:45:39+00:00,1478784773975912454,"We've secured a @Polkadot parachain slot for @efinityio, now what?

Find out what's next for #Efinity‚ÄîCrowdloan rewards, parachain onboarding, development, and more: https://t.co/EEdqB4CZKH

$EFI $DOT #Polkadot #Parachain #NFTs",enjin,Singapore,646,130,538940
2022-01-05 00:40:54+00:00,1478526887358087169,"Giving away 10 $strong tokens to 10 different people.
All you have to do is 
Like
Retweet 
Follow 
Keep dms open

$btc $eth $sol $dot $ada $trias $vra $mana $luna $shill $vet $xrp
#Giveaway

For the 2nd and 3rd winners",TraderTenacious,,887,750,16132
2022-01-06 19:49:06+00:00,1479178228296204291,"Did you know $QNT is the ONLY available DLT interoperability solution certified for the whole UK government?üá¨üáß

43 (Non) Ministerial Departments‚úÖ 
415 Agencies and public bodies‚úÖ

..can utilize Overledger without needing to stringent Due Diliganceüî• 

$QNT $XRP $XLM $DOT $ATOM https://t.co/OePPMoxZwt",SanNL11,,491,146,11556
2022-01-06 19:32:58+00:00,1479174169694638080,"$GLMR seems to be launching on January 11th. 

Things are going to get interesting for the $DOT ecosystem. 

I don't think many teams will migrate away from $MOVR but I think there's a LOT of new projects waiting to deploy and catch the $GLMR hype wave. https://t.co/qJP5lZlxsW",DonnieBigBags,,528,85,144027
2022-01-07 17:50:40+00:00,1479510813509500928,"$DOT $KSM = destined for greatness.

- Strongest developer growth since launch of any Web3 protocol 
- Largest dev community outside of Ethereum. 

At this present moment in time market sentiment may be bearish, but you CANNOT find a more bullish ecosystem that's about to pop off",DonnieBigBags,,635,78,144027
2022-01-07 12:52:33+00:00,1479435788693774338,"There is a bullish divergence on 1H $Flux chart. Waiting for a rebound!

#Flux @runonflux $ADA $DOT $PRE $KDA $KDX $SOL $AKT #AKT $ICP #ICP $GLM $STRONG $Cudos $Stack $HNT $FIL $SIA $SC $BTT $AR $HNT $SNM #DeCloud #internetcomputer https://t.co/slaJ5BVLA9",ppcfanta,,605,565,1505
2022-01-07 11:47:35+00:00,1479419438671618048,"üîÅ Retweet, if you are bullish on $DOT for long term üêÇ",PolkadotBoss,,527,220,24545
2022-01-08 18:58:44+00:00,1479890330640027649,"#BREAKING: $HBAR has overtaken $DOT in Overall Ranking on https://t.co/IZt3k9cepv 

@hedera currently ranks #4 out of 100+ projects reviewed on Blocknomy. https://t.co/mwVHk3ZQ4p",blocknomy,,1146,295,6702
2022-01-08 12:45:27+00:00,1479796389530021892,"1/ Welcome to my first kick-off recap for $KILT
I plan to do this on a monthly basis and will now kick-off with what happened since the $KSM auction.
This recap contains:
- launch wrap-up
- partnerships / announcements
- events &amp; info
- dyor
- Figures
$KSM $DOT @Kiltprotocol",Trobriand15,Degens homeland,397,82,18901
2022-01-08 04:33:00+00:00,1479672460442173440,"These are my top 10 #crypto holds 
#bitcoin
#ethereum
$usdc
$matic
$egld 
$luna
$wild
$dot
$bnb
$ramp

What would you change?",TheCryptoLark,New Zealand,1402,160,1039326
2022-01-09 23:27:32+00:00,1480320366052802562,"Giving away 10 $strong tokens to 10 different people.
All you have to do is 
Like
Retweet 
Follow 
Keep dms open

$btc $eth $sol $dot $ada $trias $vra $mana $luna $shill $vet $xrp
#Giveaway

For the 4th 5th and 6th winners",TraderTenacious,,689,607,16132
2022-01-09 20:26:28+00:00,1480274796265058308,"The big $DOT projects are finally going live this month with their tokens ( $GLMR $ACA etc). 

Fastest growing developer ecosystem. We haven't even witnessed the fruits of their labour yet. 

Wouldn't surprise me to see the dev number flip $ETH in the next years. https://t.co/oO62DlHeLN",DonnieBigBags,,745,156,144027
2022-01-09 15:17:21+00:00,1480197004697518085,"% below 2021 high...
Ethereum $ETH: -38%
Binance $BNB: -39%
Terra $LUNA: -41%
Bitcoin $BTC: -42%
Avalanche $AVAX: -47%
Solana $SOL: -50%
Chainlink $LINK: -50%
Crypto. com $CRO: -56%
Polkadot $DOT: -59%
Cardano $ADA: -64%
XRP $XRP: -64%
Shiba Inu $SHIB: -65%
Dogecoin $DOGE: -81%",charliebilello,Join free newsletter here...,5717,1334,453006
2022-01-10 18:20:47+00:00,1480605556448448512,"Tomorrow $GLMR is launching. 

Great to see @lyu_johnny @kucoincom so bullish. 

This is actually a historic moment for @Polkadot itself and @derekyoo + team will be leading the charge for the entire $DOT ecosystem. 

Excited for this. https://t.co/JyP9wbCKax",DonnieBigBags,,668,123,144027
2022-01-10 04:43:22+00:00,1480399844258852868,"Cryptocurrency % below 2021 all time highs

$ETH: -38%
$BNB: -39%
$LUNA: -41%
$BTC: -42%
$AVAX: -47%
$SOL: -50%
$LINK: -50%
$CRO: -56%
$DOT: -59%
$ADA: -64%
$XRP: -64%
$SHIB: -65%
$DOGE: -81%

(via @charliebilello)",WatcherGuru,"Texas, USA",967,181,1277712
2022-01-10 00:03:10+00:00,1480329331209560069,"2022 is the year of _____. üßê

$BTC 
$ETH 
$BNB 
$VET
$XRP
$SFM
$AVAX
$ADA
$MATIC
$LTC
$SOL 
$DOGE
$TEL
$XLM
$EGLD 
$HERO
$SAND
$MANA
$EOS
$XVG
$DOT
$CRO
$FEG 
$RISE 
$SHIB 
$FLOKI
$KISHU 
#BabyDoge
#Dogelon
#Saitama 
#SHINJA",WatcherGuru,"Texas, USA",2529,664,1277712
2022-01-11 17:30:02+00:00,1480955170720677888,"Imagine the next wave of the bull run starts here, in conjunction with the beginning of @Polkadot season. 

Jerome Powell is probably market buying $DOT $KSM $GLMR $MOVR $KILT $RMRK $ROME and Moonsama NFTs. 

I heard he's coming to join us in the Kusamaverse",DonnieBigBags,,900,120,144027
2022-01-11 15:17:44+00:00,1480921879414251530,"Today is a huge deal for $DOT holders.

@Polkadot now has smart contracts thanks for the launch of $GLMR @MoonbeamNetwork",DonnieBigBags,,1786,256,144027
2022-01-12 17:37:01+00:00,1481319318587641861,"A quick review of #Layer1 &amp; #Layer2 #blockchain. Hold on, we also want to let you know more about Layer '-1' chain: $TRIAS and how it excels because of its bold design.
$FTM $LUNA $ICP $SOL $DOT $ATOM
https://t.co/0I3fflC1P3",triaslab,,465,128,72844
2022-01-13 18:14:52+00:00,1481691229209473034,"You find 1‚Äô000 USDT on your wallet &amp; you can buy one crypto! Which one:

$BNB
$SOL
$ADA
$DOT
$AVAX
$VPAD
$CWEB
$DIO
$RAIN
$LUNA
üëá",MMCrypto,United Arab Emirates,2790,607,1109622
2022-01-14 12:50:59+00:00,1481972109501149188,"üîÅ Retweet, if you think $DOT is the best crypto üöÄ",PolkadotBoss,,887,419,24545
2022-01-15 16:59:45+00:00,1482397104463126530,"Giving away 10 $strong tokens to 5 different people.
All you have to do is 
Like
Retweet 
Follow 
Keep dms open

$btc $eth $sol $dot $ada $trias $vra $mana $luna $shill $vet $xrp
#Giveaway",TraderTenacious,,1945,1654,16132
2022-01-17 19:24:11+00:00,1483158225079857152,"‚öîÔ∏èTHIS IS A GIVEAWAY!

10 $ROME UP FOR GRABS!

MUST WATCH THE WHOLE VIDEO FOR INSTRUCTION
@HouseOfMoonsama
@PanopticusV
@RiRi_gonewild

‚öîÔ∏èthis post must be retweeted, liked and commented to qualify along with the instructions listed in the video
$DOT $KSM $ROME #Moonsama
thread https://t.co/c9Gbul67Q1",RiRi_gonewild,Dotsama island,390,200,13851
2022-01-17 09:33:48+00:00,1483009649322479618,"Giving away 20 $strong tokens to 2 people.
All you have to do is 
Like
Retweet 
Follow 
Keep dms open

$btc $eth $sol $dot $ada $trias $vra $mana $luna $shill $vet $xrp
#Giveaway",TraderTenacious,,1508,1309,16132
2022-01-18 20:26:25+00:00,1483536276942999557,"Giving away 10 $strong tokens to 5 different people.
All you have to do is 
Like
Retweet 
Follow 
Keep dms open

$btc $eth $sol $dot $ada $trias $vra $mana $luna $shill $vet $xrp
#Giveaway",TraderTenacious,,1057,926,16132
2022-01-18 15:39:00+00:00,1483463943712493568,"I was at Starbucks and the customer behind me said she is a Financial Analyst on Wall Street. I asked what her views are on $BTC, $ETH, $SOL, &amp; $DOT. She said, ‚ÄúIt's a fad. I'll stick to high-yield savings accounts &amp; corporate bonds‚Äù ü§¶

We are soo early.",AltcoinDailyio,Not Financial Advice,2699,240,1207745
2022-01-19 20:50:46+00:00,1483904792246333440,"Giving away 10 $strong tokens to 5 different people.
All you have to do is 
Like
Retweet 
Follow 
Keep dms open

$btc $eth $sol $dot $ada $trias $vra $mana $luna $shill $vet $xrp
#Giveaway",TraderTenacious,,987,857,16132
2022-01-19 20:40:03+00:00,1483902095455666182,"#saitama - Interview with:

ùó°ùó≤ùòÑ ùòÅùóº ùòÅùóµùó≤ ùó¶ùòÅùóøùó≤ùó≤ùòÅ

üê∫
  
#Crypto
#CryptoNews
#cryptocurrency 

$BTC $ETH $BNB $SOL $SAITA
$ADA $DOGE $SHIB $DOT $XRP

https://t.co/Lwk7uDOZKs https://t.co/uW37idMRkI",NewsRoom21,,276,117,2002
2022-01-19 11:16:22+00:00,1483760237433991171,"GM

Rather than being trapped in perpetual cycles of greed we can chose to take action and contribute to Web3.  

It's time to build.  

And this is exactly what we're doing within the $DOT $KSM ecosystem. 

Here's some important verticals:",DonnieBigBags,,516,103,144027
2022-01-20 13:07:51+00:00,1484150681624006656,"I've made it in crypto and my family never has to worry about money again. 

Ain't gonna retire, all I want to do now is work on @MoonsamaNFT and contribute to the $DOT $KSM eco. 

Forget Lambos. I wake up pumped every day to get to work and help build a future to be proud of.",DonnieBigBags,,982,73,144027
2022-01-21 17:51:26+00:00,1484584434867265545,"If you had $50,000 to buy the current crypto dip, what would you buy? 

$BTC 
$ETH 
$BNB 
$VET
$XRP
$SFM
$AVAX
$ADA
$MATIC
$LTC
$SOL 
$DOGE
$TEL
$XLM
$EGLD 
$HERO
$SAND
$MANA
$LOOKS
$EOS
$XVG
$DOT
$CRO
$FEG 
$RISE 
$SHIB 
$FLOKI
$KISHU 
#BabyDoge
#Dogelon
#Saitama 
#SHINJA",WatcherGuru,"Texas, USA",1501,364,1277712
2022-01-21 11:46:04+00:00,1484492490543665156,"Giving away 10 $strong tokens to 5 different people.
All you have to do is 
Like
Retweet 
Follow 
Keep dms open

$btc $eth $sol $dot $ada $trias $vra $mana $luna $shill $vet $xrp
#Giveaway",TraderTenacious,,1239,1092,16132
2022-01-21 03:38:31+00:00,1484369792123293704,"% below 2021 high...
Terra $LUNA: -27%
Binance $BNB: -40%
Ethereum $ETH: -42%
Bitcoin $BTC: -44%
Avalanche $AVAX: -50%
Solana $SOL: -53%
Crypto. com $CRO: -59%
Polkadot $DOT: -60%
Cardano $ADA: -61%
Chainlink $LINK: -64%
XRP $XRP: -65%
Shiba Inu $SHIB: -69%
Dogecoin $DOGE: -80%",charliebilello,Join free newsletter here...,1947,543,453006
2022-01-22 14:25:08+00:00,1484894905214574594,"Giving away 10 $strong tokens to 5 different people.
All you have to do is 
Like
Retweet 
Follow 
Keep dms open

$btc $eth $sol $dot $ada $trias $vra $mana $luna $shill $vet $xrp
#Giveaway",TraderTenacious,,1187,1029,16132
2022-01-23 18:23:33+00:00,1485317295228522500,"% below 2021 high...
Terra $LUNA: -49%
Bitcoin $BTC: -50%
Binance $BNB: -51%
Ethereum $ETH: -53%
Avalanche $AVAX: -64%
Solana $SOL: -66%
Crypto. com $CRO: -67%
Cardano $ADA: -70%
Polkadot $DOT: -71%
XRP $XRP: -72%
Chainlink $LINK: -73%
Shiba Inu $SHIB: -76%
Dogecoin $DOGE: -84%",charliebilello,Join free newsletter here...,2499,690,453006
2022-01-25 20:33:30+00:00,1486074773461417987,"Giving away 10 $strong tokens to 5 different people.
All you have to do is 
Like
Retweet 
Follow 
Keep dms open

$btc $eth $sol $dot $ada $trias $vra $mana $luna $shill $vet $xrp
#Giveaway",TraderTenacious,,1610,1389,16132
2022-01-26 15:36:43+00:00,1486362474693926914,"Huge for $DOT $KSM

Especially for $GLMR $MOVR

Parity are pushing an upgrade for parachains, halving blocktimes and essentially doubling their speed. 

Upgrades done on chain, no forking required. https://t.co/OMTBnRz0OT",DonnieBigBags,,557,107,144027
2022-01-26 09:21:38+00:00,1486268082247311366,"If we can nail a global item economy on $DOT $KSM we will become the most powerful NFT ecosystem in the entire blockchain space. 

Shared assets between a plethora of metaverses and projects. 

NFT interoperability. 

Limitless utility. 

The beginning on the #Kusamaverse",DonnieBigBags,,463,81,144027
2022-01-26 02:18:10+00:00,1486161510149677059,"Aye @cryptomanran,

Many good answers in your tweet, and they are all correct üëå

For me, I just see them as #bros that both offer solutions for #crypto as the world moves forward towards decentralization

#hobbesandshaw will illustrateüëá
#btc #eth $ksm $dot https://t.co/BP1l4bauIE https://t.co/OmzOasCGjn",BRUCE_L337,"San Francisco, CA",312,85,1783
2022-01-27 15:22:29+00:00,1486721278086025216,"Giving away 10 $strong tokens to 5 different people.
All you have to do is 
Like
Retweet 
Follow 
Keep dms open

$btc $eth $sol $dot $ada $trias $vra $mana $luna $shill $vet $xrp
#Giveaway",TraderTenacious,,1318,1162,16132
2022-01-28 13:53:15+00:00,1487061211996770315,$DOT x @FCBarcelona https://t.co/QCvov8AgBE,DonnieBigBags,,792,124,144027
2022-01-28 03:03:01+00:00,1486897573625540610,"You‚Äôre gifted $35,000 to buy the current crypto dip, what would you buy? 

$BTC 
$ETH 
$BNB 
$VET
$XRP
$SFM
$AVAX
$ADA
$LOOKS
$MATIC
$LTC
$SOL 
$DOGE
$TEL
$XLM
$EGLD 
$HERO
$SAND
$MANA
$EOS
$XVG
$DOT
$CRO
$FEG 
$RISE 
$SHIB 
$FLOKI
$KISHU 
#BabyDogeCoin
#Dogelon
#Saitama 
#SHINJA",WatcherGuru,"Texas, USA",1932,508,1277713
2022-01-29 06:30:36+00:00,1487312202038059011,Press RETWEET if you think now is an amazing time to buy $DOT,PolkadotBoss,,461,194,24545
2022-01-30 22:19:11+00:00,1487913309311750144,"Right, it's happening.

Tomorrow we begin work on the first blockchain-based FPS game on $DOT $KSM

10+ man team has been assembled. Will hire more if needed.

Playable multiplayer demo will be ready within 3 months. 

@MoonsamaNFT @kusamanetwork @MoonriverNW https://t.co/f72BEgKaYy",DonnieBigBags,,472,107,144027
2022-01-30 10:25:18+00:00,1487733655455911940,"$AZERO is setting itself up for a monster run..

Why? Because buyers understand this a Top L1 solution that will rival the likes of $SOL, $DOT &amp; $AVAX

World class team who have spent years building next-gen tech, who's token is only available on a small exchange..

Opportunity https://t.co/1g6Zj2Hylc",DreadBong0,,591,155,75311
2022-01-30 08:33:00+00:00,1487705391647444993,"$efi is going to be massive for #nfts, metaverse, gaming! Don't fade the $dot ecosystem play built by the @enjin team!",TheCryptoLark,New Zealand,1238,173,1039326
2022-01-31 04:55:10+00:00,1488012962594168834,"Top 40

$ETH -55%
$BNB -49%
$ADA -70%
$SOL -68%
$XRP -71%
$DOGE -83%
$LUNA -58%
$DOT -71%
$AVAX -64%
$MATIC -54%
$SHIB -80%
$LINK -74%
$ATOM -42%
$LTC -76%
$UNI -78%
$NEAR -53%
$ALGO -73%
$TRX -71%
$FTT -63%
$FTM -46%
$XLM -79%
$MANA -71%
$ICP -92%
$SAND -69%
$VET -84%
$AXS -72%",Trader_Jibon,,785,195,91392
2022-02-01 18:32:02+00:00,1488580920726933505,"Announcement.

The first @MoonsamaNFT game studio has officially launched. 

Not only will we prove that we are one of the biggest upcoming metaverse projects from the $DOT $KSM ecosystem but the entire blockchain space. 

Let's build. 

@Polkadot @MoonbeamNetwork https://t.co/UU8quOf2nY",DonnieBigBags,,1014,212,144027
2022-02-03 22:07:17+00:00,1489359865554292746,"Giving away 10 $strong tokens to 5 different people.
All you have to do is 
Like
Retweet 
Follow 
Keep dms open

$btc $eth $sol $dot $ada $trias $vra $mana $luna $shill $vet $xrp
#Giveaway",TraderTenacious,,1495,1323,16132
2022-02-03 11:22:18+00:00,1489197551232643073,"All of crypto is in opportunity zone. Only a matter of time before:

$BTC is $150,000
$ADA is $10
$AVAX is $600
$ETH is $10,000
$COTI is $3
$DOT is $180

And all those gains won‚Äôt care about what your favorite crypto is or why you think it‚Äôs better.

Opportunity is opportunity.",cryptorecruitr,,2263,251,233066
2022-02-03 04:23:02+00:00,1489092036556775424,"Mid to large cap tokens I like

- Layer 1s: $ADA $ATOM $AVAX $DOT $EGLD $MINA
- Layer 2s: $MATIC $METIS
- DeFi: $CRV $YFI $LINK
- Metaverse: $MANA $SAND $REALM
- NFTs: $LOOK $SUPER
- Exchanges: $BNB $FTT
- Other: $HNT $THETA

+ $BTC &amp; $ETH should compose 90% of a crypto portfolio",AltcoinDailyio,Not Financial Advice,1424,274,1207745
2022-02-04 19:47:12+00:00,1489687000894611457,"Giving away 10 $strong tokens to 2 different people.
All you have to do is 
Like
Retweet 
Follow 
Keep dms open

$btc $eth $sol $dot $ada $trias $vra $mana $luna $shill $vet $xrp
#Giveaway",TraderTenacious,,1105,967,16132
2022-02-05 18:28:16+00:00,1490029521717932038,"Giving away 10 $strong tokens to 2 different people.
All you have to do is 
Like
Retweet 
Follow 
Keep dms open

$btc $eth $sol $dot $ada $trias $vra $mana $luna $shill $vet $xrp
#Giveaway",TraderTenacious,,1104,985,16132
2022-02-06 20:38:12+00:00,1490424611363823617,"Polkadot is the biggest blockchain innovation since ETH &amp; smart contracts in 2014 but has been holding back on marketing until the first parachains went live. In 2022, $DOT is building a huge eco and doing sponsorships to position itself as the entry point to crypto for newbies. https://t.co/aTEKARUvpT",Kusamaximalist,,683,116,7717
2022-02-06 17:04:55+00:00,1490370935848939523,"Giving away 10 $strong tokens to 2 different people.
All you have to do is 
Like
Retweet 
Follow 
Keep dms open

$btc $eth $sol $dot $ada $trias $vra $mana $luna $shill $vet $xrp
#Giveaway",TraderTenacious,,967,861,16132
2022-02-07 23:10:09+00:00,1490825236849307649,"Giving away 10 $strong tokens to 1 different people.
All you have to do is 
Like
Retweet 
Follow 
Keep dms open

$btc $eth $sol $dot $ada $trias $vra $mana $luna $shill $vet $xrp
#Giveaway",TraderTenacious,,972,857,16132
2022-02-07 09:17:31+00:00,1490615699450269698,"1/ In case you haven't noticed my team has been building and hiring 24/7. 

In March on $DOT $GLMR we will launch one of the most advanced NFT collections in the world, using RMRK 2.0.  

Something that is not possible on $ETH

@ExosamaNFT
https://t.co/tm3EEPRfEv https://t.co/rIgqGXRe46",DonnieBigBags,,1200,407,144027
2022-02-07 07:10:49+00:00,1490583812233138177,"Amazing to see $DOT launching on @cronos_chain via IBC Solo Machine, allowing $DOT to be sent across the entire Cosmos interchain ecosystem! üöÄ

$DOT has also been whitelisted on VVS with initial liquidity added to the $CRO- $DOT pool! üíé‚õè

#Polkadot üéâ #IBCGang https://t.co/NUIv1Q3YSe",VVS_finance,Cronos,700,175,94125
2022-02-08 16:06:37+00:00,1491081038696939522,"My Top 10 #Crypto projects future potential vs where they are today in Market Cap:
1 - $BTC (1)
2 - $ETH (2)
3 - $ADA (7)
4 - $AVAX (11)
5 - $EGLD (42) ‚ÄºÔ∏è
6 - $DOT (10)
7 - $MATIC (15)
8 - $ATOM (21)
9 - $LINK (22)
10 - $MANA (30)",Crypt0Jed1,Texas AKA ‚Çøitcoin Mecca,666,111,7607
2022-02-08 11:20:39+00:00,1491009073193500676,"I can't believe this didn't make more noise #LUNAtics. 

https://t.co/D1a6pG4SvZ

https://t.co/sXBABBfHOD

@RaoulGMI bullish on $Luna, $Dot and $ETH

And yes he owns 1 #BTC üòÇüòÇüòÇ",Macro_Degen,"Dubai, United Arab Emirates",314,82,94777
2022-02-08 01:27:29+00:00,1490859796609724416,"It's time to make the Kusamaverse a reality. 

We would like to formally invite @BlaseBonobosNFT and @Kusamakings to be the first NFT communities to join us in @MoonsamaNFT 

Come join us in the metaverse with your own community skins and prepare for fun in Season 2.

$DOT $KSM https://t.co/d7eQQQmwuN",DonnieBigBags,,433,89,144027
2022-02-09 12:01:19+00:00,1491381697044443141,"Giving away 10 $strong tokens to 1 person.
All you have to do is 
Like
Retweet 
Follow 
Keep dms open

$btc $eth $sol $dot $ada $trias $vra $mana $luna $shill $vet $xrp
#Giveaway",TraderTenacious,,561,503,16132
2022-02-10 16:04:02+00:00,1491805164432343041,"Oh my, @krakenfx actually published the podcast I did with them. 

""Exploring Dotsama with Donnie Big Bags""

""This is an episode you don‚Äôt want to miss.""

Was good fun, I talk about $DOT $KSM $RMRK @MoonsamaNFT and @ExosamaNFT
 
Thank you @brianchoffman

https://t.co/6aQ25i9H6n",DonnieBigBags,,390,104,144027
2022-02-10 16:03:00+00:00,1491804904532287508,"Giving away 10 $strong tokens to 1 person.
All you have to do is 
Like
Retweet 
Follow 
Keep dms open

$btc $eth $sol $dot $ada $trias $vra $mana $luna $shill $vet $xrp
#Giveaway",TraderTenacious,,518,470,16132
2022-02-11 12:46:33+00:00,1492117853541179399,"New posters for the wall! Which do you guys prefer? 

$ATOM or $DOT ü§î https://t.co/CP4qK6Mzfr",coinbureau,Coin Headquarters,3314,151,713357
2022-02-11 12:40:09+00:00,1492116244157415424,"Giving away 100 $strong tokens to 10 people.
1 node each!
All you have to do is 
Like
Retweet 
Follow 
Keep dms open

$btc $eth $sol $dot $ada $trias $vra $mana $luna $shill $vet $xrp
#Giveaway",TraderTenacious,,951,830,16132
2022-02-12 13:11:22+00:00,1492486487941828609,"Current focus for high ROI in crypto:

SOV: $BTC $ETH ü™ô
DeFi: $MCC üè¶
MemeFi: $FLOKI $KIBA üê∂
Oracles: $LINK üîó
Layer 1s: $DOT $ATOM üî¥
Privacy: $ROSE $SCRT üîê
CBDCs: $QNT üí≤
Data: $OCEAN üíø
Metaverse: $SAND $MANA üëæ
Gaming: $UOS $TLM üïπ
NFTs: $ERN $TVK üÉè
Bridges: $OGN $CELR üåâ",PetaByteCapital,The Blockchain,614,123,50695
2022-02-12 06:11:57+00:00,1492380939531419651,"Moonsama = our parachain on $KSM @kusamanetwork 

Exosama = our parachain on $DOT @Polkadot 

Unstoppable/upgradeable/feeless blockchains. 

A free execution model. We don't need to rely on users to execute transactions that can be interpreted by our games/metaverses.",DonnieBigBags,,645,130,144027
2022-02-13 15:54:44+00:00,1492889987054030850,"Giving away 10 $strong tokens to 1 person.
All you have to do is 
Like
Retweet 
Follow 
Keep dms open

$btc $eth $sol $dot $ada $trias $vra $mana $luna $shill $vet $xrp
#Giveaway",TraderTenacious,,610,535,16132
2022-02-14 18:34:51+00:00,1493292671665856516,"Giving away 10 $strong tokens to 1 person.
All you have to do is 
Like
Retweet 
Follow 
Keep dms open

$btc $eth $sol $dot $ada $trias $vra $mana $luna $shill $vet $xrp
#Giveaway",TraderTenacious,,599,527,16132
2022-02-15 23:08:05+00:00,1493723820712157187,"Giving away 10 $strong tokens to 1 person if I get to 12k followers within an hour.
All you have to do is 
Like
Retweet 
Follow 
Keep dms open

$btc $eth $sol $dot $ada $trias $vra $mana $luna $shill $vet $xrp
#Giveaway",TraderTenacious,,376,319,16132
2022-02-15 21:36:26+00:00,1493700757060730880,"Giving away 10 $strong tokens to 1 person.
All you have to do is 
Like
Retweet 
Follow 
Keep dms open

$btc $eth $sol $dot $ada $trias $vra $mana $luna $shill $vet $xrp
#Giveaway",TraderTenacious,,465,419,16132
2022-02-15 06:41:36+00:00,1493475562937012225,"Here is a little teaser from the #CryptoMarketDarts dashboard and underlying contributions. A free just-in-time critical analysis for $ADA, $AVAX, $BNB, $BTC, $CRO, $DOGE, $DOT, $ETC, $ETH, $LINK, $LTC, etc on https://t.co/PoM5lWTnHD. üôè register now üî• 

https://t.co/w4OIGNwvbI",ChibuzoFelix_1,"Abuja, Nigeria",64,63,33181
2022-02-16 20:01:16+00:00,1494039192371961856,"Giving away 10 $strong tokens to 1 person.
All you have to do is 
Like
Retweet 
Follow 
Keep dms open

$btc $eth $sol $dot $ada $trias $vra $mana $luna $shill $vet $xrp
#Giveaway",TraderTenacious,,475,422,16132
2022-02-16 09:21:54+00:00,1493878294353264644,"1/ @ExosamaNFT is moving and revealing sneak peaks at a high pace. What do we now know so far:
- 3D metaverse
- 2D browser-based meta-RPG
- #NFT utilizing eggs
- integrations of leading projects on $DOT 
- Parachain: launch on $DOT testnet &amp; parachain launch later 2022 https://t.co/eTb7EXtuD6",Trobriand15,Degens homeland,315,69,18901
2022-02-17 22:44:44+00:00,1494442720336744449,"Giving away 10 $strong tokens to 1 person.
All you have to do is 
Like
Retweet 
Follow 
Keep dms open

$btc $eth $sol $dot $ada $trias $vra $mana $luna $shill $vet $xrp
#Giveaway",TraderTenacious,,491,460,16132
2022-02-17 10:48:49+00:00,1494262552829693952,"$METIS 115
$LUNA 50
$AVAX 79
$SOL 95
$FTM 2¬†
$ONE 0.18¬†
$ATOM 26
$DOT 18.8
$ALGO 0.9
$XTZ 3.5¬†
$QNT 116
$EGLD 155
$KDA 6¬†
$AZERO 1.3
$INJ 5
$HNT 25
$NEAR 10
$MATIC 1.65
$ROSE 0.29
$FLUX 1.55 
$RNDR 2.6
$QRDO 2.9 
$SAITO 0.4
$RMRK 18 
$AR 30
$ALEPH 0.47
$VADER 0.033¬†
$GLMR 4",PartaiSocmed,Indonesia,549,204,214176
2022-02-17 06:59:37+00:00,1494204874405388289,"üëÄ. @CryptoMrktDarts is the best plug that offers crypto investors free daily updates, and price trends for $ADA, $AVAX, $BNB, $BTC, $CRO, $DOGE, $DOT, $ETC, $ETH, $LINK, $LTC, $LUNA, $MATIC, $SHIB, $SOL, $XLM on https://t.co/Bsvd3eGNo6

you should try it https://t.co/3ESHVVLPBP",OnlineBigBros,a promised land ,48,48,52303
2022-02-18 17:51:07+00:00,1494731216096051209,"Giving away 10 $strong tokens to 1 person.
All you have to do is 
Like
Retweet 
Follow 
Keep dms open

$btc $eth $sol $dot $ada $trias $vra $mana $luna $shill $vet $xrp
#Giveaway",TraderTenacious,,544,481,16132
2022-02-19 15:21:09+00:00,1495055866025979910,"Giving away 10 $strong tokens to 1 person.
All you have to do is 
Like
Retweet 
Follow 
Keep dms open

$btc $eth $sol $dot $ada $trias $vra $mana $luna $shill $vet $xrp
#Giveaway",TraderTenacious,,563,507,16132
2022-02-19 01:31:33+00:00,1494847087644606464,"Despite all the FUD the reality is nothing stacks up next to Cardano üôè

Just look at this chart I found and you will see why #cardano has the edge over #solana , #ethereum and #polkadot ü§Ø

$ada $sol $eth $dot https://t.co/PE7aLHZYRh",Darth___ADA,twitter ,921,158,5060
2022-02-20 21:27:21+00:00,1495510409268367360,"Giving away 10 $strong tokens to 1 person.
All you have to do is 
Like
Retweet 
Follow 
Keep dms open

$btc $eth $sol $dot $ada $trias $vra $mana $luna $shill $vet $xrp
#Giveaway",TraderTenacious,,722,645,16132
2022-02-21 18:25:32+00:00,1495827039806500865,"Giving away 10 $strong tokens to 5 people.
All you have to do is 
Like
Retweet 
Follow 
Keep dms open

$btc $eth $sol $dot $ada $trias $vra $mana $luna $shill $vet $xrp
#Giveaway",TraderTenacious,,524,484,16132
2022-02-21 13:07:53+00:00,1495747102470717442,"Nervos Network $CKB makes interoperability universal.

This video shows how its pioneering tech will connect major #crypto ecosystems, including: #ETH, #BSC, $ADA, #BTC, $DOT, $ATOM, and others.

2022 is the year interoperability goes big, and Nervos will be at the forefront. https://t.co/23FYb3Alj1",ckbsamurai,Somewhere on the Force Bridge,1022,224,6294
2022-02-22 18:30:02+00:00,1496190562797555723,"Giving away 10 $strong tokens to 1 person.
All you have to do is 
Like
Retweet 
Follow 
Keep dms open

$btc $eth $sol $dot $ada $trias $vra $mana $luna $shill $vet $xrp
#Giveaway",TraderTenacious,,522,465,16132
2022-02-22 09:41:43+00:00,1496057607173591040,"ANNOUNCEMENT

The @MoonsamaNFT parachain is LIVE on the $DOT testnet and successfully producing blocks:

https://t.co/Rpb0SFp53x

We have submitted a PR to the @Polkadot GitHub to add our logo/name: 

https://t.co/ZqewesGNY3

Congrats everyone. History being made right now. https://t.co/hExDgKot0o",DonnieBigBags,,848,253,144027
2022-02-24 16:11:51+00:00,1496880560660230154,"Which token will perform best in 2022? 

$SOL $LUNA $AVAX $DOT",Gojo_Crypto,,127,46,28727
2022-02-25 22:04:00+00:00,1497331573347303425,"Giving away 10 $strong tokens to 1 person.
All you have to do is 
Like
Retweet 
Follow 
Keep dms open

$btc $eth $sol $dot $ada $trias $vra $mana $luna $shill $vet $xrp
#Giveaway",TraderTenacious,,394,358,16132
2022-02-26 22:54:02+00:00,1497706550982582274,"We have set up a way to donate crypto funds to support #Ukraine. Many #Dotsama tokens are supported including: $DOT $KSM $ACA $ASTR $KAR $SDN $PHA $BNC $KILT $QTZ $AIR $TEER $XOR $PCX

Learn more üëá
https://t.co/7RmteIVPil

#StandWithUkraine #UkraineUnderAttack #UkraineRussiaWar",SubsocialChain,The SubVerse,802,257,52667
2022-02-26 20:50:55+00:00,1497675567524577280,"üåüA general thread of $DOT $KSM

1/ Lets start with the Basics:
$DOT ‚Äì the real next generation blockchain that focuses on interoperability, scalability, innovation, security and connecting specialized blockchains into one well functioning eco
-its central chain is a relay chain",RiRi_gonewild,Dotsama island,400,95,13851
2022-02-27 22:36:32+00:00,1498064535810453512,"Giving away 10 $strong tokens to 1 person.
All you have to do is 
Like
Retweet 
Follow 
Keep dms open

$btc $eth $sol $dot $ada $trias $vra $mana $luna $shill $vet $xrp
#Giveaway",TraderTenacious,,463,401,16132
2022-02-27 22:24:56+00:00,1498061615794573315,‚Å¶@coinbureau‚Å© dumped $SOL and $DOT for $LUNA &amp; $UST. Estimated IQ just went up 1000 basis points https://t.co/4nW4uy8E6Q,gweizee,Blockchain Islands,652,85,1179
2022-02-28 23:10:16+00:00,1498435411089281032,"Giving away 10 $strong tokens to 5 people.
All you have to do is 
Like
Retweet 
Follow 
Keep dms open

$btc $eth $sol $dot $ada $trias $vra $mana $luna $shill $vet $xrp
#Giveaway",TraderTenacious,,543,491,16132
2022-03-01 18:55:18+00:00,1498733635083587584,The people of Ukraine fighting for our freedom are forever grateful to Gavin Wood @gavofyork for the generous donation of $5M of @Polkadot $DOT as promised publicly. Thank you from all of us here in Ukraine working for a peaceful future üá∫üá¶,Ukraine,Ukraine,17665,1698,2169869
2022-03-01 17:01:18+00:00,1498704946702827527,"Crypto community continue to support Ukraine. I am grateful to @gavofyork, who made an impressive donation of $5M from @Polkadot $DOT. This will certainly contribute to the Ukrainian victory as well as support civil people. We will win ‚Äî the best people with us.",FedorovMykhailo,Ukraine,6246,952,299630
2022-03-01 14:37:06+00:00,1498668656598867972,"UPDATE: Polkadot founder @gavofyork sent $5 million to Ukraine's defense wallet, bringing the total amount of $DOT donated to $6 million.

https://t.co/67ech9XxU9",CoinDesk,"New York, USA",659,112,2927208
2022-03-01 14:20:24+00:00,1498664455076716546,".@gavofyork just sent the $5m in $DOT to @Ukraine 

Absolute legend. 

""why didn't he sell and send in btc/eth etc""

Do you realise the tax he'd have to pay if he did that? https://t.co/VcAgsEHaIT",DonnieBigBags,,715,119,144027
2022-03-01 06:36:30+00:00,1498547710697345027,"The people of Ukraine are grateful for the support and donations from the global crypto community as we protect our freedom. We are now accepting Polkadot donations too: 
$DOT: 1x8aa2N2Ar9SQweJv9vsuZn3WYDHu7gMQu1RePjZuBe33Hv.
More cryptocurrencies to be accepted soon.",Ukraine,Ukraine,13946,2208,2169869
2022-03-02 22:57:15+00:00,1499156913577205767,"Giving away 10 $strong tokens to 1 person.
All you have to do is 
Like
Retweet 
Follow 
Keep dms open

$btc $eth $sol $dot $ada $trias $vra $mana $luna $shill $vet $xrp
#Giveaway",TraderTenacious,,403,361,16132
2022-03-02 21:33:55+00:00,1499135938617872388,"The Efinity parachain is live on @Polkadot Rococo testnet! üéâ

Next stop, onboarding to the #Polkadot network on March 11.

https://t.co/scty18sFCJ

#Efinity #Parachain $DOT $EFI https://t.co/1CSrOB3o3K",enjin,Singapore,940,266,538940
2022-03-02 19:08:58+00:00,1499099461561499648,"Wow, over $7m in $DOT has been donated to @Ukraine so far. 

Over 1,800 wallets have donated. Awesome to see from the @Polkadot community. 

https://t.co/iP9l5BpUBj",DonnieBigBags,,483,79,144027
2022-03-02 14:48:55+00:00,1499034020063162374,"Your favorite #proofofstake protocol is... ‚ÅâÔ∏è

#staking #ethereum #polkadot #tezos #solana $SOL $XTZ $ETH $DOT",BitcoinSuisseAG,"Grafenauweg 12, 6300 Zug",149,86,13405
2022-03-04 03:02:23+00:00,1499580988384493568,"Giving away 10 $strong tokens to 1 person.
All you have to do is 
Like
Retweet 
Follow 
Keep dms open

$btc $eth $sol $dot $ada $trias $vra $mana $luna $shill $vet $xrp
#Giveaway",TraderTenacious,,391,361,16132
2022-03-06 20:47:56+00:00,1500573921644625924,"Giving away 10 $strong tokens to 1 person.
All you have to do is 
Like
Retweet 
Follow 
Keep dms open

$btc $eth $sol $dot $ada $trias $vra $mana $luna $shill $vet $xrp
#Giveaway",TraderTenacious,,370,330,16132
2022-03-07 15:50:12+00:00,1500861381062635521,"1/x 
The DotSama Ecology
An infographic about the different aspects of DotSama by @SanchezCrypto and @0xCrane 

@thatMediaWag @PolkaHaus 

Read the full thread for all parts of it or click the link for the complete infographic: https://t.co/v7Rkp8x5T7

$MOVR $ETH $KSM $DOT $KILT https://t.co/kdNzdC7wZj",0xCrane,@ChaosDAO,179,80,498
2022-03-07 01:59:12+00:00,1500652251119251462,"Falls from ATHs for the top 10 Cryptos:
$BTC -44%
$ETH -48%
$BNB -45%
$XRP -79%
$LUNA -22%   &lt; Obvious outlier
$SOL -68%
$ADA -73%
$AVAX -50%
$DOT -69%
$DOGE -84%

If you were bullish on the tech at ATHs, this is your chance to make significant gains.

Dips are opportunities.",CryptoHarry_,GMX ü´ê KUJI üê≥ RUNE ‚ö°Ô∏è,830,154,80828
2022-03-08 18:07:56+00:00,1501258429989634054,"üî•WIN UP TO 7 PRIZESüî•

We are raffling:

üëë 1 LEGENDARY Egg (5 $KSM)
ü•ö1 Rare Egg (1 $KSM)
ü•ö2 Uncommon Eggs
ü•ö3 Common Eggs

Rules:

‚úÖFollow @RemarkPunks 
‚úÖLike/RT this post
‚úÖVisit our collection:
https://t.co/96QSBZWfmr

@RmrkApp $rmrk $ksm #nftcommunity #giveaway #nft $dot https://t.co/do26kWwJK9",RemarkPunks,,196,158,1422
2022-03-09 15:30:00+00:00,1501581071971987458,"Pick a team:

Team üÖ∞Ô∏è             Team üÖ±Ô∏è
$ETH                   $BNB
$SOL                   $LUNA
$ADA                   $AVAX
$MATIC               $DOT",kucoincom,,2766,378,2111062
2022-03-09 10:59:36+00:00,1501513023915180032,"Giving away 10 $strong tokens to 1 person.
All you have to do is 
Like
Retweet 
Follow 
Keep dms open

$btc $eth $sol $dot $ada $trias $vra $mana $luna $shill $vet $xrp
#Giveaway",TraderTenacious,,329,294,16133
2022-03-10 16:29:03+00:00,1501958320944562184,"Polkadot $DOT remains the #1 held asset by funds.

Polkadot is now a mere 2 months old, as the first five parachains just launched Dec. 18th. Going to be a huge year as everything like XCM, aUSD, bridges get turned on and more parachains continue to launch üöÄ https://t.co/bkWUknoyDU",danreecer_,,641,152,90353
2022-03-10 13:19:44+00:00,1501910679388839938,"Healthy portfolio allocation for aggressive portfolio growth in crypto:

$BTC - Digital gold ü™ô
$ETH - Programmable money üí∞
$DOT - Interoperability ‚õì
$LINK - DeFi oracle provider üîó
$ROSE - Layer 1 with privacy üîê
$FLOKI - Metaverse and MemeFi üê∂
$KIBA - MemeFi runner up ü¶Æ",PetaByteCapital,The Blockchain,577,140,50695
2022-03-10 01:36:55+00:00,1501733810169335810,"Are you ready for Efinity's #Polkadot launch on Friday? We are!

Here's a refresher on how it will remove barriers to entry in the metaverse and enable cross-chain activity.

üó£Ô∏èüí¨ Like a universal translator for #NFTs: https://t.co/tTdRYx7GN1

#Efinity $DOT $EFI #Metaverse https://t.co/tdI971R6kc",enjin,Singapore,613,159,538940
2022-03-11 12:00:01+00:00,1502253006145798146,"We've opened up a bunch of new pairs with @Cardano $ADA! 

$EOS $SOL $LUNA $AVAX $MATIC $DOT 
and more are now available with ADA pairs.

Bitrue has long supported #cardano projects like $SUNDAE &amp; $MELD, have you been trading with ADA lately?

Start now : https://t.co/01lPRi4IYJ https://t.co/zBDUrIazHC",BitrueOfficial,,810,157,589697
2022-03-11 11:49:38+00:00,1502250393337835525,"Giving away 10 $strong tokens to 1 person.
All you have to do is 
Like
Retweet 
Follow 
Keep dms open

$btc $eth $sol $dot $ada $trias $vra $mana $luna $shill $vet $xrp
#Giveaway",TraderTenacious,,352,314,16133
2022-03-11 04:30:47+00:00,1502139953475555329,People have been FUDDING my $DOT bags and I‚Äôve had enough of these plebs that don‚Äôt have a clue trying to have an opinion on the ecosystem. Here‚Äôs a thread on why I‚Äôm bullish on Polkadot. üßµ,Matt_Tremolada,"Las Vegas, NV",425,107,246
2022-03-16 00:04:53+00:00,1503884974184927237,"Giving away 10 $strong tokens to 3 people.
All you have to do is 
Like
Retweet 
Follow 
Keep dms open

$btc $eth $sol $dot $ada $trias $vra $mana $luna $shill $vet $xrp
#Giveaway",TraderTenacious,,304,273,16133
2022-03-17 09:56:45+00:00,1504396309154910209,"Pick a number you think will do 10X soonüöÄ

1. $BTC
2. $ETH
3. $ADA
4. $MATIC
5. $SHIB
6. $FEG
7. $SHINJA
8. $KASTA
9. $KISHU
10. $SLOKI
11. $LUNA
12. $XRP
13. $DOT
14. $SAND",Crypto__Diva,Crypto Space,1757,281,40506
2022-03-18 01:00:29+00:00,1504623744089792512,"Giving away 10 $strong tokens to 3 people.
All you have to do is 
Like
Retweet 
Follow 
Keep dms open

$btc $eth $sol $dot $ada $trias $vra $mana $luna $shill $vet $xrp
#Giveaway",TraderTenacious,,396,358,16133
2022-03-19 23:35:00+00:00,1505327004844888064,"If you could only hold one of these until 2030 which would it be and why? 
#bitcoin 
#ethereum 
#cardano 
$xrp 
$sol 
$dot 
$doge",TheCryptoLark,New Zealand,2437,305,1039327
2022-03-20 20:08:01+00:00,1505637304068673538,"Giving away 100 $AVAX to 5 people.
All you have to do is 
Like
Retweet 
Follow 
Keep dms open

$btc $eth $sol $dot $ada $trias $strong $vra $mana $luna $shill $vet $xrp
#Giveaway",TraderTenacious,,562,506,16133
2022-03-20 20:06:36+00:00,1505636950291668995,"Giving away 30 $strong tokens to 3 people.
All you have to do is 
Like
Retweet 
Follow 
Keep dms open

$btc $eth $sol $dot $ada $trias $vra $mana $luna $shill $vet $xrp
#Giveaway",TraderTenacious,,486,444,16133
2022-03-20 13:59:25+00:00,1505544541474013195,"Punks!

Did someone say Sunday giveaway?!üî•

Your guardian angels here and she has you covered üòá 

To win a random @PunksAzero NFT at mint all you need to do is:

‚úÖ- Like &amp; Retweet 
‚úÖ- Follow @PunksAzero 
‚úÖ- Tag a friend 

*Winner drawn in 7 Days 

$AZERO $KDA $DOT $ADA #NFT https://t.co/ajiyLGcTGm",PunksAzero,discord.gg/yc7F4pKBsb,493,384,4040
2022-03-20 04:51:55+00:00,1505406762383548416,"Giving away 10 $strong tokens to 3 people.
All you have to do is 
Like
Retweet 
Follow 
Keep dms open

$btc $eth $sol $dot $ada $trias $vra $mana $luna $shill $vet $xrp
#Giveaway",TraderTenacious,,385,357,16133
2022-03-22 16:54:46+00:00,1506313448824598528,"BREAKING: Grayscale launches 'Smart Contract Fund' for $ETH Competitors üöÄ

Fund's Weighting:
$ADA: 24.63%
$SOL: 24.27%
$AVAX: 16.96%
$DOT: 16.16%
$MATIC: 9.65%
$ALGO: 4.27%
$XLM: 4.06%",AltcoinDailyio,Not Financial Advice,2325,372,1207745
2022-03-22 15:15:39+00:00,1506288504803934226,"üßµAs of inception on 3/16, #GSCPxE‚Äôs holdings were: 
#Cardano $ADA, 24.63%
#Solana $SOL, 24.27%
#Avalanche $AVAX, 16.96%
#Polkadot $DOT, 16.16%
#Polygon $MATIC, 9.65%
#Algorand $ALGO, 4.27%
#Stellar $XLM, 4.06%

Holdings are subject to change. Learn more: https://t.co/hYqzyDGpvv https://t.co/MbASMXZ8hy",Grayscale,"Stamford, CT",2451,827,579848
2022-03-22 12:53:03+00:00,1506252615562465282,"We would like to formally invite @TheDPSproject and @YumiArtsNFT to join the @MoonsamaNFT Kusamaverse.

2 incredible Dotsama NFT communities we all love and respect. 

Come join us in the metaverse with your own skins and offhand NFTs. 

$DOT $KSM https://t.co/djIbuyCB6N",DonnieBigBags,,364,94,144027
2022-03-22 12:35:48+00:00,1506248274738651142,"A deal‚Äôs a deal. Meet GSCPxE (Grayscale Smart Contract Platform Ex-Ethereum Fund), our newest investment product. 
https://t.co/sm7VJzOJcV #GSCPxE $SOL $ADA $DOT $AVAX $ALGO $MATIC $XLM",Grayscale,"Stamford, CT",1173,259,579848
2022-03-22 12:19:03+00:00,1506244060587114499,"New @Grayscale fund to focus on non-#ethereum smart contract tokens. $ADA and $SOL make up nearly 50% of holdings. Also included are $AVAX, $DOT, $MATIC, $ALGO and $XLM.

@MikeyBellusci reports.
https://t.co/gtEVhsapqR",CoinDesk,"New York, USA",567,135,2927206
2022-03-22 12:02:00+00:00,1506239770284146690,"$DOT $KSM ready for some action? Bears are exhausted.

The heavy inflation on both $MOVR and $KILT is about to end within the coming 2 months. Without that sell pressure they can actually fly. 

$RMRK land sales seem imminent. 

It's about time for the next wave to start.",DonnieBigBags,,460,77,144027
2022-03-25 07:37:04+00:00,1507260259986862080,"Which is the better crypto? $HBAR or $DOT

Only humans may vote in the #UltimateCrypto tournament. @hedera @Polkadot #Hedera #PolkaDot ü•≥",UltimateCrypto7,,196,100,3011
2022-03-26 20:12:22+00:00,1507812724851552260,"Giving away 100 $AVAX to 5 people.
All you have to do is 
Like
Retweet 
Follow 
Keep dms open

$btc $eth $sol $dot $ada $trias $strong $vra $mana $luna $shill $vet $xrp
#Giveaway",TraderTenacious,,495,451,16133
2022-03-26 20:12:17+00:00,1507812704349732873,"Giving away 30 $strong tokens to 3 people.
All you have to do is 
Like
Retweet 
Follow 
Keep dms open

$btc $eth $sol $dot $ada $trias $vra $mana $luna $shill $vet $xrp
#Giveaway",TraderTenacious,,565,510,16133
2022-03-26 19:00:02+00:00,1507794524806029319,"ICYMI: Meet GSCPxE (Grayscale Smart Contract Platform Ex-Ethereum Fund), our newest investment product: https://t.co/XcSylOzVld 

#GSCPxE $SOL $ADA $DOT $AVAX $ALGO $MATIC $XLM https://t.co/Yjgm7h82ae",Grayscale,"Stamford, CT",554,124,579848
2022-03-26 07:49:41+00:00,1507625824744210433,"I'm so bullish on @ArthSwap ü§ëüí•

ArthSwap is the No.1 DEX on #Polkadot with the highest TVL and their IDO launchpad pre release campaign is the perfect opportunity for you to get some free $ARSW tokens!

This is how you can join this campaign:
https://t.co/KOfnaUS9LC

$DOT #DYOR",Andrew92SG,Crypto World,293,861,118783
2022-03-27 18:15:48+00:00,1508145777730015232,"New ATH. 

485 players on @MoonsamaNFT today and it's still not open to non-NFT holders and EXO hasn't launched.

Wont be long before 1,000+ 

Great job everyone, really proud of the team and community. Looks like we have one of the most popular applications on $DOT $KSM $MOVR",DonnieBigBags,,347,82,144027
2022-03-27 17:04:27+00:00,1508127825164972033,"Giving away 30 $strong tokens to 3 people.
All you have to do is 
Like
Retweet 
Follow 
Keep dms open

$btc $eth $sol $dot $ada $trias $vra $mana $luna $shill $vet $xrp
#Giveaway",TraderTenacious,,439,393,16133
2022-03-28 16:12:00+00:00,1508477011278323714,"My targets for the coming 2-4 months:

$BTC $70k-$100k
$ETH $6k-$10k
$DOT $60-$100
$XRP $3-$5
$ADA $2-$3",rovercrc,Bitcoin ü§©üåô,6126,737,303381
2022-03-28 14:27:21+00:00,1508450677491699718,"1/ After 11 auctions, 126 million $DOT (11% of the total supply; worth $2.1 billion) has been bonded. 

Now that parachains are live, end-users are finally transacting on @Polkadot. https://t.co/NDv1dADc8C",MessariCrypto,The World,1215,318,268271
2022-03-28 13:30:43+00:00,1508436423791292422,"Giving away 50 $strong tokens to 5 people.
All you have to do is 
Like
Retweet 
Follow 
Keep dms open

$btc $eth $sol $dot $ada $trias $vra $mana $luna $shill $vet $xrp
#Giveaway",TraderTenacious,,486,436,16133
2022-03-29 15:24:39+00:00,1508827482799034368,"üî¥ 2013 - You missed $BTC
üî¥ 2014 - You missed $DOGE
üî¥ 2015 - You missed $XRP
üî¥ 2016 - You missed $ETH
üî¥ 2017 - You missed $ADA
üî¥ 2018 - You missed $BNB
üî¥ 2019 - You missed $LINK
üî¥ 2020 - You missed $DOT
üî¥ 2021 - You missed $SHIB
üü¢ In 2022, don't miss ________.

#1000xgem",coinexnews,World wide ,2477,570,10116
2022-03-30 21:38:40+00:00,1509283997964279812,"Polkadot + Cosmos?

Just had a great call with @ComposableFin.

They are building an IBC &lt;&gt; Substrate bridge.

Probably nothing, Cosmonauts ‚öõÔ∏èüëÄ

$ATOM $DOT",Cryptocito,Lisbon / Medell√≠n,692,98,56211
2022-03-30 04:52:33+00:00,1509030798602936320,"1/

I have been accumulating a vast amount of $GLMR

Been watching the supporting the @MoonbeamNetwork team for a while and they do not stop delivering. The sheer amount of integrations they've been implementing eclipses nearly everything in the $DOT @Polkadot ecosystem.",DonnieBigBags,,785,210,144027
2022-03-31 17:55:10+00:00,1509590140229984257,"Giving away 50 $strong tokens to 5 people.
All you have to do is 
Like
Retweet 
Follow 
Keep dms open

$btc $eth $sol $dot $ada $trias $vra $mana $luna $shill $vet $xrp
#Giveaway",TraderTenacious,,395,328,16133
2022-04-01 06:03:01+00:00,1509773308404846592,"#Binance Liquid Swap adds @Polkadot $DOT and opens DOT/BDOT Liquidity Pool. 
https://t.co/3wC0ohJFhu",binance,,879,172,9292923
2022-04-02 16:14:17+00:00,1510289524999479308,"Giving away 50 $strong tokens to 5 people.
All you have to do is 
Like
Retweet 
Follow 
Keep dms open

$btc $eth $sol $dot $ada $trias $vra $mana $luna $shill $vet $xrp
#Giveaway",TraderTenacious,,487,440,16133
2022-04-02 12:19:55+00:00,1510230547351871495,$DOT $KSM eco looksüî• https://t.co/evC1mpbxAQ,DonnieBigBags,,850,154,144027
2022-04-02 03:40:39+00:00,1510099866445299718,Polkadot season has started üí∏ $DOT https://t.co/FvegOmVLQf,polkadot_hub,,1261,260,1438
2022-04-03 10:00:01+00:00,1510557726367264773,"Polkadot Parachains ecosystem just starting to become something really huge:

- $DOT $KSM as collateral for stablecoins, lending, LPs
- $aUSD will be used absolutely everywhere
- Uniswap v3 deploying on Moonbeam $GLMR
- Astar Ecosystem with their 20+ dapps $ASTR
- What else? https://t.co/EOnkhjIZwc",polkadot_hub,,531,107,1438
2022-04-04 23:00:45+00:00,1511116592788217858,"Giving away 50 $strong tokens to 5 people.
All you have to do is 
Like
Retweet 
Follow 
Keep dms open

$btc $eth $sol $dot $ada $trias $vra $mana $luna $shill $vet $xrp
#Giveaway",TraderTenacious,,395,361,16133
2022-04-05 12:47:00+00:00,1511324524079419392,"üî¥ 2013 - You missed $BTC
üî¥ 2014 - You missed $DOGE
üî¥ 2015 - You missed $XRP
üî¥ 2016 - You missed $ETH
üî¥ 2017 - You missed $ADA
üî¥ 2018 - You missed $BNB
üî¥ 2019 - You missed $LINK
üî¥ 2020 - You missed $DOT
üî¥ 2021 - You missed $SHIB
üü¢ In 2022, don't miss $Kishu

#1000xgem",SharksCoins,NOT FINANCIAL ADVICE,1179,312,125031
2022-04-05 09:53:01+00:00,1511280740847489029,"1/ 

Here's another one of my favourite $DOT $KSM altcoins right now. 

$RMRK 

What I consider one of the most important projects in the dotsama ecosystem spearheaded by one of the top global minds on NFT and metaverse @bitfalls 

And it's potentially about to ""pop off"". https://t.co/m3cbhdw0dx",DonnieBigBags,,615,169,144027
2022-04-06 13:06:07+00:00,1511691724283944962,"NEW: As part of our quarterly rebalancing, $DOT and $AVAX have been added to Grayscale Digital Large Cap Fund, and $ATOM has been added to Grayscale Smart Contract Platform ex-Ethereum Fund.
$GDLC #GSCPXE

@Blockworks_ has the exclusive with details: https://t.co/uVjYreOhRA",Grayscale,"Stamford, CT",1250,373,579848
2022-04-07 17:00:38+00:00,1512113131606405120,"1/ 

We are discussing a potential move for EXO that hasn't been done before on $DOT $KSM 

Made easy due to @MoonbeamNetwork utilising native 0x $ETH addresses. 

Modular/composable NFT 2.0's with the core avatar on $ETH

Expect chaos. Expect @opensea. Expect @rarible.",DonnieBigBags,,656,180,144027
2022-04-07 10:51:55+00:00,1512020337189601286,"Tomorrow 4pm UTC.

Community call on the @MoonsamaNFT discord. 

Everything's kicking off in the next weeks. 

I'll cover what we've been working on, what's coming shortly w/ @ExosamaNFT, integrations ( $DOT $KSM $MOVR $GLMR $KILT $RMRK ) and answering your questions. https://t.co/aTPccozmdK",DonnieBigBags,,453,156,144027
2022-04-07 00:52:55+00:00,1511869593844912130,"üî¥ 2013 - You missed $BTC
üî¥ 2014 - You missed $DOGE
üî¥ 2015 - You missed $XRP
üî¥ 2016 - You missed $ETH
üî¥ 2017 - You missed $ADA
üî¥ 2018 - You missed $BNB
üî¥ 2019 - You missed $LINK
üî¥ 2020 - You missed $DOT
üî¥ 2021 - You missed $SHIB

üü¢ In 2022, don't miss $BEZOGE

#NFT https://t.co/PXTkhln6ie",bezogeh0lder,üëáBuy Crypto via MEXC Global,208,123,2059
2022-04-07 00:52:06+00:00,1511869392157609989,"Giving away 50 $strngr tokens to 5 people.
All you have to do is 
Like
Retweet 
Follow 
Keep dms open

$btc $eth $sol $dot $ada $trias $vra $mana $luna $shill $vet $xrp
#Giveaway",TraderTenacious,,331,306,16133
2022-04-09 11:40:39+00:00,1512757380643266565,"1/ I am simply blown away past, present and future for @MoonsamaNFT @ExosamaNFT #NFTs and their #Metaverses. 
$KSM $DOT $MOVR $GLMR and $ETH are under heavy attack of pure innovation!
To say it in the words of one of my favourite SciFi series Star Trek:
""Resistance is futile"" https://t.co/yFytvfbWxO",Trobriand15,Degens homeland,266,89,18901
2022-04-10 18:56:49+00:00,1513229533327024131,"Giving away 250 $strngr tokens to 5 people.
All you have to do is 
Like
Retweet 
Follow 
Keep dms open

$btc $eth $sol $dot $ada $trias $vra $mana $luna $shill $vet $xrp
#Giveaway",TraderTenacious,,471,424,16133
2022-04-10 06:38:00+00:00,1513043601399418881,My biggest $dot ecosystem plays right now are $glmr $aca and $efi! These coins will make me millions.,TheCryptoLark,New Zealand,1417,151,1039327
2022-04-10 02:16:53+00:00,1512977890975092738,"üî¥ 2013 - You missed $BTC
üî¥ 2014 - You missed $DOGE
üî¥ 2015 - You missed $XRP
üî¥ 2016 - You missed $ETH
üî¥ 2017 - You missed $ADA
üî¥ 2018 - You missed $BNB
üî¥ 2019 - You missed $LINK
üî¥ 2020 - You missed $DOT
üî¥ 2021 - You missed $SHIB
üü¢ In 2022, don't miss #SAFEMOON   1$‚ù§Ô∏è‚Äçüî•",BSCGemsAlert,Etats-Unis,671,213,182761
2022-04-12 11:53:09+00:00,1513847687275507717,"Awesome. 

Seems like $LUNA is betting big on $GLMR @MoonbeamNetwork as their entrance into the $DOT $KSM ecosystem. https://t.co/GFiVOliIbk",DonnieBigBags,,428,84,144027
2022-04-12 00:09:33+00:00,1513670623570104321,"Giving away 250 $strngr tokens to 5 people.
All you have to do is 
Like
Retweet 
Follow 
Keep dms open

$btc $eth $sol $dot $ada $trias $vra $mana $luna $shill $vet $xrp
#Giveaway",TraderTenacious,,287,262,16133
2022-04-13 16:26:33+00:00,1514278880177278979,"Top 10 coins searches in the last |24H| on #CryptoRank!
$BRISE $GMT $SOL $NEAR $SHIB $DOT $ARNM $ATOM $BICO $IMX
#investment #investing #cryptocurrency #crypto #trading  #tradingnews #blockchain https://t.co/dR2cI9AC2E",CryptoModulus,Saturn,809,325,2903
2022-04-13 14:02:23+00:00,1514242600970203146,"NEW: Tether's $USDT is launching on @kusamanetwork in a move that paves the way for the stablecoin's entry into the @Polkadot ecosystem. $KSM $DOT

@IanAllison123 reports

https://t.co/uVlP6vqj8k",CoinDesk,"New York, USA",456,115,2927204
2022-04-13 11:57:18+00:00,1514211120747511809,"üîπ TOP TRENDING SEARCHES @CryptoRank_io! 13 April 2022
@bitgertbrise $BRISE
@Stepnofficial $GMT
@solana $SOL
@NEARProtocol $NEAR
@Polkadot $DOT
@Arenum_official $ARNM
@Shibtoken $SHIB
#Bitcoin $BTC
@cosmos $ATOM
@Immutable $IMX https://t.co/sIweXfUQ5O",CryptoEights,"Pittsburgh, PA",754,305,54469
2022-04-13 09:22:25+00:00,1514172144200036353,"The #Polkadex Crowdloan is Live Again
üî•2 $PDEX per $DOT
üî•#NFTs for the top 1,000 contributors

‚úÖFollow @kucoincom @polkadex &amp; RT
‚úÖContribute to the PDEX Crowdloan
‚úÖFill: https://t.co/quTCKVVJ3j
üéÅ3 winners will each receive extra $500 in PDEX

Details:https://t.co/j3B6JSn0Ba",kucoincom,,806,581,2111062
2022-04-13 09:03:31+00:00,1514167387523796992,"WOW, $ADA $LUNA, $DOT, $MATIC, $ATOM, $TRX are all listing on Kucoin.

To the moon üöÄüåë

Don‚Äôt miss out on opportunity of getting yours. 

Register here:- https://t.co/ctwMwkLJ9i",fineboytunde_,Wall streetüóΩ,69,55,90449
2022-04-13 04:06:58+00:00,1514092756985315329,"$ADA/ $LUNA/ $DOT/ $MATIC/ $ATOM/ $TRX-7D Fixed Promotion, APR up to 20% for multiple major coins!‚Äã

‚û°Ô∏èhttps://t.co/yR10LkN18x https://t.co/m8Jl7wEBq4",KuCoin_Earn,,2336,1251,33150
2022-04-15 02:28:34+00:00,1514792770325520390,"Giving away 250 $strngr tokens to 5 people.
All you have to do is 
Like
Retweet 
Follow 
Keep dms open

$btc $eth $sol $dot $ada $trias $vra $mana $luna $shill $vet $xrp
#Giveaway",TraderTenacious,,299,276,16133
2022-04-18 21:46:50+00:00,1516171419654430720,üîÅ Retweet if you believe in $DOT ‚ö™Ô∏è,PolkadotBoss,,385,205,24545
2022-04-18 11:36:06+00:00,1516017723247312896,"Today we're catching up with our team building our upcoming blockchain-based FPS.

It will utilise our multi-chain NFT assets on $ETH $MOVR $GLMR $DOT for @MoonsamaNFT and @ExosamaNFT 

Get ready for some real NFT utility and blockchain-gaming/metaverse innovation. https://t.co/P6VgqaHXuo",DonnieBigBags,,598,152,144027
2022-04-19 08:00:59+00:00,1516325978007515141,"$ADA/ $LUNA/ $DOT/ $MATIC/ $ATOM/ $TRX Flexible Promotion, Enjoy an APR up to 6.3%!

Activity details: https://t.co/6yVo9Mpjsc https://t.co/55Clsth7eH",KuCoin_Earn,,1530,1181,33150
2022-04-20 17:35:54+00:00,1516833046036873220,"üîÅ Retweet, if you are bullish on $DOT üêÇ",PolkadotBoss,,515,238,24545
2022-04-25 21:27:59+00:00,1518703394084605952,"$DOT 

@Polkadot is the next protocol to go live for @Strongblock_io üî•üî•

$STRONG - $STRNGR https://t.co/CniDrHjs9W",baconesq,Mars,576,120,24803
2022-04-25 18:22:47+00:00,1518656784583385088,"Change from Jan 1st 2022

+ $LUNA +2.9%
+ $NEAR -7.0%
+ $BTC -17%
+ $ETH -22%
+ $ADA -36%
+ $AVAX -38%
+ $DOT -38%
+ $SOL -44%
+ $ONE -59%
+ $FTM -60% https://t.co/mxBACLvtDv",Gojo_Crypto,,415,103,28727
2022-04-25 06:41:40+00:00,1518480344051503105,"üî¥ 2013 - You missed $BTC
üî¥ 2014 - You missed $DOGE
üî¥ 2015 - You missed $XRP
üî¥ 2016 - You missed $ETH
üî¥ 2017 - You missed $ADA
üî¥ 2018 - You missed $BNB
üî¥ 2019 - You missed $LINK
üî¥ 2020 - You missed $DOT
üî¥ 2021 - You missed $SHIB
üü¢ In 2022, don't miss ________.",BitKanOfficial,BitKan.com,2235,466,24064
2022-04-28 12:49:24+00:00,1519660051509645312,"If you had the chance to travel back in time and invest into $ETH, $SOL, $LUNA, $AVAX or $DOT in the first initial days...would you? Take a mental step back and realise with 100% certainty that this time is NOW with owning $SAFUU. #SafuuBlockchain #Nodes",BryanLegendCEO,,966,330,123571
2022-04-29 23:55:38+00:00,1520190100877221888,"Bet you didn't know about this project coming to $DOT $KSM $MOVR

I wonder which artists they have lined up?  

Francesca Versace is a co-founder. 

@MoonsamaNFT is building something w/ them which we're going to have a LOT of fun with.

Stay tuned. 

‚Çë‚Çì‚Çö‚Çëc‚Çú c‚Çï‚Çê‚Çí‚Çõ. https://t.co/FQLogUsQF8 https://t.co/flag4OIDqK",DonnieBigBags,,392,111,144027
2022-05-01 12:07:53+00:00,1520736765778317313,"#Polkadot is NOT down, network is NOT congested, fees are LOW, transactions are FAST, parachains are being deployed, XCM is about to get implemented, while prices are DOWN fundamentals are UP $DOT $PARA $ACA $GLMR $EFI $CFG $LIT $PHA https://t.co/Nb0OSiPTje",ParallelFiNews,Basically everywhere ,1313,307,1324
2022-05-03 16:59:36+00:00,1521534955876139010,"It‚Äôs time to unbond your $DOT from @Polkadot for LDOT staking üíß

Liquid DOT staking, $LDOT, is about to go live on @AcalaNetwork

LDOT:
- Higher yield
- Keep earning DOT staking rewards but get $LDOT to use in DeFi or to mint $aUSD
- Instant unbonding
- Fully decentralized",danreecer_,,806,141,90354
2022-05-03 12:20:31+00:00,1521464719143575552,"üî•3000 Punks Strongüî•

Welcome to our new followers and thank you to our OG‚Äôs ‚ù§Ô∏è

The Punks army is growing stronger every dayüí™üèª

To celebrate we‚Äôre giving away another Azero Punk for free!

To win-

üèÜ- Like &amp; RT
üèÜ- Follow us
üèÜ- Join our Telegram or Discord

$DOT $AZERO #NFT https://t.co/uFxFituZ5Q",PunksAzero,discord.gg/yc7F4pKBsb,387,312,4040
2022-05-03 05:22:59+00:00,1521359643116994560,"Here's a brief overview of what we're building / working on. 

This is becoming really fun now as more of our internal projects come closer to fruition.

Currently looking for an experienced CMO for help with press releases and improving our communications.

$DOT $KSM $MOVR $GLMR https://t.co/ZWo8qtjLeL",DonnieBigBags,,560,208,144027
2022-05-04 11:30:03+00:00,1521814409181818880,"Cross chain transfers are now happening for @Polkadot

Billions of dollars of $DOT liquidity will now be natively available across all its parachains. 

Backed by the shared security of Polkadot itself, no bridge crap between chains of lesser security. 

Few. https://t.co/vukULwokBh",DonnieBigBags,,404,98,144027
2022-05-04 03:50:00+00:00,1521698633359495169,"üí¶  Stay liquid while staking $DOT

The launch of DOT liquid staking on Acala with $LDOT will be here soon. Unstake your DOT from Polkadot to get ready!",AcalaNetwork,,919,121,264729
2022-05-05 03:13:46+00:00,1522051901998923776,"#Web3 is the new trend! 
#Web3 here, #Web3 there! 

But will Web 3.0 tokens take off in May? üöÄ 
Let's have a little prediction for $GMT, $DOT, $BTT, $BAT, $FLUX and $FIL with @CMCAlexandria  üëá

https://t.co/bHZs5JNud0",CoinMarketCap,Decentralized,690,203,5514105
2022-05-06 18:58:00+00:00,1522651912369229824,"~6.5 million $DOT or ~$100 million USD is currently unstaking from @Polkadot over the next month to put to work in the DOT economy on parachains. 

DOT Liquid Staking with $LDOT on @AcalaNetwork about to go live, and the @TapioProtocol $tDOT stableswap synthetic is coming ü§´ https://t.co/ziZj4FpN1m",danreecer_,,662,106,90354
2022-05-06 06:22:00+00:00,1522461659331276800,"üî¥ 2013 - You missed $BTC
üî¥ 2014 - You missed $DOGE
üî¥ 2015 - You missed $XRP
üî¥ 2016 - You missed $ETH
üî¥ 2017 - You missed $ADA
üî¥ 2018 - You missed $BNB
üî¥ 2019 - You missed $LINK
üî¥ 2020 - You missed $DOT
üî¥ 2021 - You missed $SHIB
üü¢ In 2022, don't miss ________.",BitKanOfficial,BitKan.com,2293,487,24064
2022-05-07 09:56:33+00:00,1522878043563479041,"The rise of DIDs is inevitable

Nobody is talking about DIDs on CT and people forget that the best DID project $KILT is on par with $GLMR $ACA $ASTR FA-wise

It'll eventually move to $DOT with the same token

I've not seen any other dumped coins get bought as hard as KILT either https://t.co/qhPNit7sUi",TiggersCrypto,The 100 Acre Wood Capital,263,92,16501
2022-05-08 13:54:15+00:00,1523300250022465536,"Competition/Opportunity

Don't let your memes be dreams. Calling on the $DOT $KSM community and beyond. 

Come design NFT fish for our metaverse fish ponds.

Go wild, if they're cool we'll use them and issue rewards. 

Reply on this thread or dm @SupraVoxelle https://t.co/pFux84TElz https://t.co/ODAswDBeHL",DonnieBigBags,,305,80,144027
2022-05-09 16:04:22+00:00,1523695379924996097,"% below high
Bitcoin $BTC: -53%
Ethereum $ETH: -53%
Binance $BNB: -54%
Terra $LUNA: -54%
Tron $TRX: -58%
Avalanche $AVAX: -69%
Polygon $MATIC: -71%
Solana $SOL: -74%
XRP $XRP: -74%
Litecoin $LTC: -80%
Cardano $ADA: -80%
Polkadot $DOT: -80%
Shiba Inu $SHIB: -80%
Doge $DOGE: -86%",charliebilello,Join free newsletter here...,2826,879,453006
2022-05-09 07:24:51+00:00,1523564642483974144,"Right now a governance vote, initiated by @CalBlockchain is happening to have Uniswap V3 deploy on @MoonbeamNetwork $GLMR 

This will be @Uniswap's first journey into the @Polkadot $DOT eco. 

For Moonsama, it may be really useful for our xc20 ""beta"" resource plans. https://t.co/jZMndBj15k",DonnieBigBags,,322,63,144027
2022-05-11 21:38:42+00:00,1524504294929702912,"% below high
Ethereum $ETH: -59%
Bitcoin $BTC: -60%
Tron $TRX: -62%
Binance $BNB: -63%
Polygon $MATIC: -80%
Avalanche $AVAX: -82%
XRP $XRP: -82%
Solana $SOL: -84%
Litecoin $LTC: -85%
Cardano $ADA: -85%
Polkadot $DOT: -85%
Shiba Inu $SHIB: -85%
Doge $DOGE: -90%
Terra $LUNA: -99%",charliebilello,Join free newsletter here...,1827,653,453006
2022-05-12 22:32:11+00:00,1524880141045751808,"In case you are wondering if what happened to $luna can happen to #bitcoin, #ethereum, $dot, $matic, $ada, etc. 

The short answer is NO. 

$luna / $ust are an algo stablecoin mechanic that has entered a death spiral. None of the other big coins have this mechanic.",TheCryptoLark,New Zealand,1530,227,1039327
2022-05-12 16:54:53+00:00,1524795256310755328,"CENTRALISATIONNNNNNNNNNNNNNN

Don't even get me started on the other chains with bridged $LUNA assets, which are just ficticious IOU's. 

1 weak link and the house of cards topples. 

Layer 0's with shared security will be the standard. 

$DOT @Polkadot $KSM @Kusamanetwork https://t.co/rovs8Ea3ID",DonnieBigBags,,510,121,144027
2022-05-12 16:45:51+00:00,1524792983303950337,"$LUNA was halted by its validators

This applies to all $ATOM projects and if 1 of them gets attacked they all get rekt

On $DOT $KSM you cannot halt parachains + they have shared security

A real-life example of why $MOVR $GLMR $ACA $KILT are better than Cosmos alternatives",TiggersCrypto,The 100 Acre Wood Capital,835,194,16501
2022-05-12 13:01:54+00:00,1524736625732997122,"‚ÄºÔ∏è $LCX Monster Thread ‚ÄºÔ∏è

$DAG $DOT $LINK $HBAR $QNT $ZIL $CELO $ADA $ZCX $VXV $ALBT $DGB $SHIB $SAND $SAITO $QRDO $NMKR

https://t.co/cDGoIuTW17",LCX_KING,Crypto,305,1370,7145
2022-05-12 12:51:05+00:00,1524733903583551488,"Fundamentally the crash of $LUNA is good for $DOT

During this cycle we've proven every major L1 to have too many cons from $SOL crashing multiple times to $ADA's poorly working SC's

Dotsama is the ONLY option left and the recent fix with block times got me only more excited",TiggersCrypto,The 100 Acre Wood Capital,548,123,16501
2022-05-14 13:01:38+00:00,1525461336037408769,"Well if anything, the events of the past week are bullish for the $DOT $KSM ecosystem as a whole. 

@ParityTech are the only people who seem to take decentralisation and security seriously. 

web3 needs shared security and forkless/upgradeable blockchains via on-chain governance.",DonnieBigBags,,524,108,144027
2022-05-16 11:26:09+00:00,1526162081271013381,"Which token will have the greatest potential when we go bull? üêÇ

üëâ Vote for your favorite from the 3 tokens: $DOT, $ATOM, $RUNE

ü§Ø As we always say, don't give up hope and keep learning

üëâ RT + Comment

‚ò∫Ô∏è We'll create a deep dive video into the winning token this week",kucoincom,,807,388,2111062
2022-05-17 20:49:48+00:00,1526666314781274112,"1/ Unfortunately most cryptos are a scam/ponzi but some have enterprise adoption and a need for it in the real world.
I know Kilt, Ocean, EnergyWeb, and OriginTrail - $OTP is the project I'm crowdloaning most for (not $GLMR $ASTR $ACA).

A thread on the hidden gem of $DOT ecoüëáüßµ https://t.co/JywXWsuhJO",Kusamaximalist,,240,87,7717
2022-05-19 16:53:38+00:00,1527331658302513171,"Desde su ATH:

#Bitcoin -58%
$ETH -61%
$BNB -57%
$XRP -89%
$ADA -84%
$SOL -82%
$DOGE -89%
$DOT -83%
$AVAX -81%
$TRON -69%
$SHIB -87%
$LTC -84%
$MATIC -79%
$FTT -65%
$BCH -96%
$LINK -88%
$XLM -86%
$ALGO -88%
$ATOM -78%
$XMR -72%",DanielMuvdiYT,Moon,912,198,131460
2022-05-19 11:18:10+00:00,1527247237482434564,"From ATH:

Bitcoin -58%
$ETH -61%
$BNB -57%
$XRP -89%
$ADA -84%
$SOL -82%
$DOGE -89%
$DOT -83%
$AVAX -81%
$TRON -69%
$SHIB -87%
$CRO -81%
$LTC -84%
$LEO -39%
$MATIC -79%
$FTT -65%
$NEAR -73%
$BCH -96%
$LINK -88%
$OKB -73%
$XLM -86%
$ALGO -88%
$ATOM -78%
$FLOW -94%
$XMR -72%",greatmando_nft,Mandalore,1635,424,93738
2022-05-20 14:23:56+00:00,1527656373940408320,"Splash animations added. 

Next up bubbles and environmental effects. 

If this becomes the $AXIE of $DOT $KSM I wont be surprised. 

No VCs, no institutions, no allocations. Everyone catches their own NFT fish in the metaverse. 

Get yer 5 fish ready and come fight me soon ‚öîÔ∏è https://t.co/atUQe2HqEM",DonnieBigBags,,331,91,144027
2022-05-23 18:12:43+00:00,1528801112404373505,"Top 30

‚òÖ $BTC -61%
‚òÖ $ETH -64%
‚òÖ $BNB -67%
‚òÖ $XRP -82%
‚òÖ $ADA -86%
‚òÖ $SOL -85%
‚òÖ $DOGE -90%
‚òÖ $DOT -86%
‚òÖ $AVAX -84%
‚òÖ $TRX -71%
‚òÖ $SHIB -89%
‚òÖ $MATIC -82%
‚òÖ $LTC -86%
‚òÖ $FTT -69%
‚òÖ $NEAR -73%
‚òÖ $UNI -91%
‚òÖ $LINK -89%
‚òÖ $ATOM -80%
‚òÖ $XLM -86%
‚òÖ $VET -91%",Trader_Jibon,,1534,356,91392
2022-05-24 11:02:18+00:00,1529055182864035841,"Imagine thinking I wasn't serious.

The @MoonsamaNFT team is gonna build harder than even the likes of @ParityTech on $DOT $KSM.

17 days in. Drag and drop your NFT fish from your wallet to your Metaponds. 

Next: Breeding, 5v5 ranked battles, metaverse land, XCM $POOP utility. https://t.co/LJtbwoiMCP",DonnieBigBags,,363,113,144027
2022-05-24 09:38:47+00:00,1529034163382145024,"HUGE

@gavofyork who built $ETH in a weekend is about to fix social media too. 

Teaming up with fellow billionaire Frank McCourt to build a serious DECENTRALISED social media platform. 

He doesn't miss. No one knows more about decentralisation. 

https://t.co/Kp0Mtw2TTz $DOT",DonnieBigBags,,789,210,144027
2022-05-27 11:03:04+00:00,1530142537222070274,"üî¥ 2013 - You missed $BTC
üî¥ 2014 - You missed $DOGE
üî¥ 2015 - You missed $XRP
üî¥ 2016 - You missed $ETH
üî¥ 2017 - You missed $ADA
üî¥ 2018 - You missed $BNB
üî¥ 2019 - You missed $LINK
üî¥ 2020 - You missed $DOT
üî¥ 2021 - You missed $SHIB
üü¢ In 2022, don't miss $_____

#1000xgem ‚ô•Ô∏è",BSCGemsAlert,Etats-Unis,2531,632,182761
2022-05-28 19:44:25+00:00,1530636128281403402,"‚úÖ2014 - You missed $DOGE 
‚úÖ2015 - You missed $XRP 
‚úÖ2016 - You missed $ETH 
‚úÖ2017 - You missed $ADA 
‚úÖ2018 - You missed $BNB 
‚úÖ2019 - You missed $LINK 
‚úÖ2020 - You missed $DOT 
‚úÖ2021 - You missed $SHIB 
‚úÖIn 2022, don't miss @SafeJet_Coin 

Next 1000√ó gem üöÄüöÄ
#BSC #BTC https://t.co/FcY6M15DoR",CryptSugarDaddy,Dubai - UAE üá¶üá™,66,57,427
2022-05-29 13:00:02+00:00,1530896748847058945,"ü•≥$300 Quiz!

üëÄAs the votes for $DOT &amp; $SOL are close, we decided to make videos for both!

‚ÅâÔ∏èWhat are the rewards for holding #DOT?

üëâFind the answer https://t.co/O0N5wCquXW

üëâRT + Comment

üëâSubscribe to YT + Like the video

üôåWe'll select 6 best comments to get $50 each!",kucoincom,,971,699,2111063
